,매장명,주소,Tel,일시
0,031-8039-6020,분당서울대병원점,"경기도 성남시 분당구 구미로173번길 82 (구미동, 분당서울대학교병원) 본관 1동",2023-11-16 16:35:56.752993
1,070-7802-0303,강변역점,"서울 광진구 구의강변로 64, 구의아크로리버 1층 구의동 589-10",2023-11-16 16:35:56.752993
2,070-4277-6756,서서울공원점,서울특별시 양천구 남부순환로58길 37 신월동 205-36,2023-11-16 16:35:56.752993
3,031-8042-7719,오산역점,"경기도 오산시 오산로 195 (오산동, 명신예식홀) .",2023-11-16 16:35:56.752993
4,02-2012-0473,용산아이파크몰점,"서울특별시 용산구 한강대로23길 55 (한강로3가, 용산역) 4층",2023-11-16 16:35:56.752993
5,02-2655-2290,등촌역점,서울특별시 강서구 등촌로 229 (등촌동) ,2023-11-16 16:35:56.752993
6,051-323-0305,부산서부터미널점,"부산광역시 사상구 사상로 201 (괘법동, 서부시외버스터미널) .",2023-11-16 16:35:56.752993
7,033-253-0425,춘천강원대점,강원특별자치도 춘천시 서부대성로 229 (효자동) .,2023-11-16 16:35:56.752993
8,032-710-3810,송도대홍프라자점,인천광역시 연수구 해돋이로152번길 9 (송도동) .,2023-11-16 16:35:56.752993
9,061-902-7288,순천조례점,"전라남도 순천시 충효로 109 (조례동, 디지털프라자전자랜드) 조례동 1264",2023-11-16 16:35:56.752993
10,.,진주혁신도시점,경상남도 진주시 에나로128번길 24 (충무공동) .,2023-11-16 16:35:57.161966
11,041-733-4855,논산내동점,"충청남도 논산시 대학로65번길 6-5 (내동) 101,102,201호",2023-11-16 16:35:57.161966
12,02-2625-4854,오류동점,"서울특별시 구로구 경인로 224 (오류동, 칸타빌레5차) .",2023-11-16 16:35:57.161966
13,032-665-8255,부천역점,"경기도 부천시 부일로 448 (심곡동, 프리존빌딩) 110호, 204호",2023-11-16 16:35:57.161966
14,031-233-4686,화성병점점,"경기도 화성시 병점동로 105 1,2층(진안동)",2023-11-16 16:35:57.161966
15,063-467-1199,군산은파유원지DI점,전라북도 군산시 백토로 284-35 (나운동) .,2023-11-16 16:35:57.161966
16,02-3431-4662,잠실학원사거리점,"서울특별시 송파구 석촌호수로 130 (삼전동, 신원빌딩) 삼전동 1-1외 3필지",2023-11-16 16:35:57.161966
17,054-452-8297,구미시청점,경상북도 구미시 송정대로 54 (송정동) .,2023-11-16 16:35:57.161966
18,031-8059-3458,화성향남DT점,"경기도 화성시 향남읍 향남로 306 방축리294,295-2번지",2023-11-16 16:35:57.161966
19,02-2663-4976,발산역점,서울특별시 강서구 강서로 357 (내발산동) .,2023-11-16 16:35:57.161966
20,02-2645-8497,목동파리공원점,"서울특별시 양천구 목동서로 57 (목동, 현대파리지앙) .",2023-11-16 16:35:57.560043
21,032-503-3379,인천한길안과병원점,"인천광역시 부평구 부평대로 37 (부평동, 정명빌딩한길안과병원) .",2023-11-16 16:35:57.560043
22,02-3157-4843,북한산DI점,"서울특별시 은평구 북한산로 248-8 (진관동, 자돈) .",2023-11-16 16:35:57.560043
23,052-911-9978,울산시청점,울산광역시 남구 삼산로 60 (신정동) 1층,2023-11-16 16:35:57.560043
24,052-211-4741,울산성남점,"울산광역시 중구 만남의거리 33, 1F 성남동 256-16",2023-11-16 16:35:57.560043
25,054-457-7772,구미상모사곡점,경상북도 구미시 박정희로 259 (사곡동) .,2023-11-16 16:35:57.560043
26,02-2111-1300,신도림테크노마트점,"서울특별시 구로구 새말로 97 (구로동, 신도림테크노마트) 104~106호",2023-11-16 16:35:57.560043
27,064-722-2529,제주황사평DT점,제주특별자치도 제주시 연북로 756 1~2층,2023-11-16 16:35:57.560043
28,02-777-5559,KG타워점,"서울특별시 중구 통일로 92 (순화동, 케이지타워) 1층",2023-11-16 16:35:57.560043
29,02-420-9997,올림픽공원역점,"서울특별시 송파구 올림픽로 424 (방이동, 올림픽공원) (A-3동 C구역 )",2023-11-16 16:35:57.560043
30,02-487-9997,길동포유르센티점,서울특별시 강동구 길동 458 1층(101~102호),2023-11-16 16:35:57.868404
31,052-292-5522,울산매곡점,울산광역시 북구 신기17길 3 (매곡동) 3필지,2023-11-16 16:35:57.868404
32,064-792-6106,서귀포대정점,제주특별자치도 서귀포시 대정읍 하모상가로 43 (제주은행) 하모리 918-6,2023-11-16 16:35:57.868404
33,02-2652-2030,목동삼성쉐르빌점,"서울특별시 양천구 목동동로 189 (신정동, 삼성쉐르빌1) 1층 101,102,103호",2023-11-16 16:35:57.868404
34,02-325-7588,신촌역점,"서울특별시 마포구 신촌로 88 (노고산동, 태영빌딩) 2층",2023-11-16 16:35:57.868404
35,052-245-8497,울산국가정원점,울산광역시 중구 태화강국가정원길 201 (태화동) .,2023-11-16 16:35:57.868404
36,02-933-8824,노원역점,"서울특별시 노원구 노해로 488 (상계동, 근호빌딩) 1층",2023-11-16 16:35:57.868404
37,031.558.8885,다산제이원점,경기도 남양주시 다산중앙로82번안길 28 (다산동) 124~126호,2023-11-16 16:35:57.868404
38,031-961-5692,BMC점,경기도 고양시 일산동구 동국로 32 (식사동) 산학협력관 1층,2023-11-16 16:35:57.868404
39,070-4064-3999,청주율량현대점,충청북도 청주시 청원구 율봉로 150 .,2023-11-16 16:35:57.868404
40,063-272-2400,전북대덕진광장점,전라북도 전주시 덕진구 덕진광장로12 1층,2023-11-16 16:35:58.177612
41,070-7705-2670,가산대륭22차점,"서울특별시 금천구 가산디지털1로 146 (가산동) 109,110,111호",2023-11-16 16:35:58.177612
42,070-7801-1029,진주초전점,경상남도 진주시 초북로20번길 5 (초전동) 1층,2023-11-16 16:35:58.177612
43,033-735-3335,연세대학교원주장례식장점,강원도 원주시 일산로 20 장례식장 1층,2023-11-16 16:35:58.177612
44,033-735-3339,원주세브란스기독병원점,강원도 원주시 일산로 20 원주세브란스기독병원 외래센터 1층,2023-11-16 16:35:58.177612
45,.,오송역사점,충청북도 청주시 흥덕구 오송읍 오송가락로 123 (오송역) 오송역 2층 맞이방,2023-11-16 16:35:58.177612
46,.,순천향대학교 천안병원 외래점,"충청남도 천안시 동남구 순천향6길 31 (봉명동, 순천향대학교천안병원) 외래센터 2층",2023-11-16 16:35:58.177612
47,.,순천향대학교 천안병원 본관점,"충청남도 천안시 동남구 순천향6길 31 (봉명동, 순천향대학교천안병원) 본관 1층",2023-11-16 16:35:58.177612
48,.,(논)탄천휴게소2호점,충청남도 공주시 탄천면 논산천안고속도로 27 (탄천하행휴게소) .,2023-11-16 16:35:58.177612
49,031-876-7006,의정부역점,"경기도 의정부시 신흥로232번길 5-31,(의정부동, 아이비타워) 1층",2023-11-16 16:35:58.177612
50,070-7694-2323,이도점,"제주특별자치도 제주시 중앙로 302 (이도이동, 더스프링) .",2023-11-16 16:35:58.487459
51,02-335-7805,연트럴파크점,서울특별시 마포구 동교로 233 (연남동) .,2023-11-16 16:35:58.487459
52,02-3159-8659,고양덕은점,경기 고양시 덕양구 덕은동 378-22,2023-11-16 16:35:58.487459
53,02-566-1002,강남우리라운지점,서울특별시 강남구 테헤란로 301 역삼동 701-02 삼정빌딩 1층,2023-11-16 16:35:58.488459
54,031-202-3356,수원영통점,경기도 수원시 영통구 청명남로 10 영통동 1000-1,2023-11-16 16:35:58.488459
55,031.967.0302,원흥역점,경기 고양시 덕양구 권율대로 690 201동 108호~111호,2023-11-16 16:35:58.488459
56,02-749-8752,이태원역점,서울특별시 용산구 이태원로 180 2층~3층,2023-11-16 16:35:58.488459
57,02-2062-8405,오목교역점,"서울특별시 양천구 오목로 344 (목동, 청학빌딩) 1층",2023-11-16 16:35:58.488459
58,070-7717-2192,롯데시네마프리미엄만경관점,대구 중구 국채보상로 547 MMC 만경관 4층 .,2023-11-16 16:35:58.488459
59,061-723-5185,순천신대점,전라남도 순천시 해룡면 향매로 67 신대리 1978,2023-11-16 16:35:58.488459
60,02-804-9226,시흥사거리점,서울특별시 금천구 시흥대로 225 시흥동 994-9,2023-11-16 16:35:58.892283
61,063-224-5777,전주효천점,"전라북도 전주시 완산구 쑥고개로 351, 1층 101호~102호 효자동2가 1326-4",2023-11-16 16:35:58.892283
62,064-745-7301,제주도두해안DT점,제주특별자치도 제주시 도두일동 1686 .,2023-11-16 16:35:58.892283
63,070-8884-1101,부산화명점,"부산광역시 북구 금곡대로285번길 13 (화명동, 스포렉스) 스포렉스 106호,107호,108호",2023-11-16 16:35:58.892283
64,02-523-4180,방배역점,"서울특별시 서초구 방배로 107 (방배동, 디엠타워3관) 1층",2023-11-16 16:35:58.892283
65,02-3158-0031,고양향동점,"경기도 고양시 덕양구 향기3로 9, 101호 (향동동) 향동동 536",2023-11-16 16:35:58.892283
66,062-511-8002,광주북구청점,광주광역시 북구 서방로 2 (중흥동) .,2023-11-16 16:35:58.892283
67,063-288-0801,전주한옥마을점,전라북도 전주시 완산구 은행로 16 (풍남동 1가 53-3) .,2023-11-16 16:35:58.892283
68,,(상)홍천휴게소R점,강원도 홍천군 화촌면 서울양양고속도로 83 .,2023-11-16 16:35:58.892283
69,.,부산시민공원점,"부산 부산진구 시민공원로 73, 푸드코트피크닉 범전동 200",2023-11-16 16:35:58.892283
70,041-631-4725,충남도청점,충청남도 홍성군 홍북읍 신경리 553 .,2023-11-16 16:35:59.215927
71,.,성남모란역점,"경기도 성남시 중원구 성남대로1148번길 8 1층, 성남동 3453",2023-11-16 16:35:59.215927
72,02-568-9056,강남역2점,"서울특별시 강남구 강남대로 422 (역삼동) 역삼동816,816-7,816-8",2023-11-16 16:35:59.215927
73,02-704-9636,숙대입구점,서울특별시 용산구 청파로 276 (청파동2가) 2층~3층 할리스 ,2023-11-16 16:35:59.215927
74,055-723-2053,김해복음병원점,경상남도 김해시 활천로 44 (삼정동) 할리스 김해복음병원점,2023-11-16 16:35:59.215927
75,02-396-0903,홍제천점,"서울특별시 서대문구 홍제내길 52,1~2층 홍제동 361-49",2023-11-16 16:35:59.215927
76,070-7733-0384,롯데시네마라페스타점,"경기도 고양시 일산동구 무궁화로 32-34 (장항동, 라페스타C) 3층",2023-11-16 16:35:59.215927
77,.,부산일광신도시점,부산광역시 기장군 일광읍 해빛6로 43-20 삼성리 840-12,2023-11-16 16:35:59.215927
78,070-4647-0081,이천마장점,경기도 이천시 마장면 오천로 65 오천리 56-55,2023-11-16 16:35:59.215927
79,070-7543-1009,충남대점,대전광역시 유성구 대학로 84 (궁동 482-6) .,2023-11-16 16:35:59.215927
80,02-736-3399,종각역점,서울특별시 종로구 종로 60-1 종로2가 102-3,2023-11-16 16:35:59.717928
81,051-201-0621,부산아트몰링영풍문고점,"부산광역시 사하구 낙동남로 1413 (하단동, 아트몰링) 13층",2023-11-16 16:35:59.717928
82,02-6914-6550,광명GIDC점,"경기도 광명시 일직로 43 일직동 514 지하2층 G249, G250호",2023-11-16 16:35:59.717928
83,031-635-6655,이천점,"경기도 이천시 어재연로 35 (창전동),1~3층 창전동 160-25",2023-11-16 16:35:59.717928
84,070-8806-1314,시흥능곡점,"경기도 시흥시 능곡번영길 25 (능곡동) 능곡동 211-3 (107,108,205,206호)",2023-11-16 16:35:59.717928
85,031-665-1770,평택칠괴점,경기도 평택시 칠괴길 84 칠괴동 492 1층,2023-11-16 16:35:59.717928
86,031-611-0234,송탄서정점,"경기도 평택시 경기대로 1371,102호 서정동 814-1",2023-11-16 16:35:59.717928
87,02-812-9330,장승배기역점,"서울특별시 동작구 장승배기로11가길 11, 1층 (상도동, 상도파크자이)",2023-11-16 16:35:59.717928
88,070-7733-9710,미사효성해링턴점,"경기도 하남시 아리수로 570,1~2층 망월동 미사효성해링턴타워더퍼스",2023-11-16 16:35:59.717928
89,055-314-8589,김해인제대점,경상남도 김해시 인제로 168 (어방동) 정석빌딩101호,2023-11-16 16:35:59.717928
90,061-905-0013,순천성가롤로병원점,"전남 순천시 순광로 221, 순천성가롤로병원 별관 2층 조례동 1742",2023-11-16 16:36:00.022361
91,051-893-6679,부산동의대점,"부산광역시 부산진구 엄광로 176 가야동, 동의대학교",2023-11-16 16:36:00.022361
92,031-427-8535,금정AK프라자점,"경기도 군포시 금정동 689 AK프라자 131, 132호",2023-11-16 16:36:00.022361
93,052-275-9004,울산삼산로점,"울산광역시 남구 삼산로 283 (삼산동, 소망빌딩) 삼산동1525-8,1525-9",2023-11-16 16:36:00.022361
94,032-321-2007,부천송내본점,경기도 부천시 송내대로 73번길 21 (상동) 1층,2023-11-16 16:36:00.022361
95,070-8836-8038,동학사점,"충남 공주시 반포면 동학사2로 133 1,2층 .",2023-11-16 16:36:00.022361
96,02-304-1110,서울명지대점,서울특별시 서대문구 거북골로 41-1 (남가좌동) 1층~2층,2023-11-16 16:36:00.022361
97,.,부천순천향병원점,경기도 부천시 조마루로 170(중동) 본관 지하 1층 .,2023-11-16 16:36:00.022361
98,063-232-9448,전주시네마점,"전라북도 전주시 완산구 전주객사3길 67 (고사동, 전주시네마타운) 1~2층",2023-11-16 16:36:00.022361
99,041-566-5085,천안신부점,"충청남도 천안시 동남구 만남로 26 (신부동, 대영빌딩) 454-5번지, 4~5층",2023-11-16 16:36:00.022361
100,031-8094-9981,삼성전자평택캠퍼스점,경기도 평택시 삼성로 144 고덕면 여염리 1648,2023-11-16 16:36:00.271589
101,.,천안아산역사점,충청남도 아산시 배방읍 희망로 100 (천안아산역) 3층 맞이방,2023-11-16 16:36:00.271589
102,031-713-7739,분당미금점,경기도 성남시 분당구 미금일로90번길 24 (구미동) B1F ~ 1F,2023-11-16 16:36:00.271589
103,070-4647-1455,부산서구청점,부산광역시 서구 보수대로 9 (충무동1가 3-1) 바른빌딩 1층 104호,2023-11-16 16:36:00.271589
104,052-221-1030,울산율리점,울산광역시 울주군 청량읍 율리영해1길 46 1층,2023-11-16 16:36:00.271589
105,055-231-7195,마산호계점,경상남도 창원시 마산회원구 내서읍 광려천동로 28 (내서신화하니엘더시티) 상가 1~2층,2023-11-16 16:36:00.271589
106,055-547-9906,진해경화점,경상남도 창원시 진해구 조천북로 76 (경화동) .,2023-11-16 16:36:00.271589
107,02-3280-3280,중앙대점,서울특별시 동작구 흑석로 77 (흑석동) 할리스 1~4층,2023-11-16 16:36:00.271589
108,02-381-7666,고양신원점,경기도 고양시 덕양구 권율대로 896-19 .,2023-11-16 16:36:00.271589
109,.,부천심곡점,경기도 부천시 장말로 376  심곡동 355-1,2023-11-16 16:36:00.271589
110,070-4123-5111,제주연북로DI점,제주특별자치도 제주시  오남로 166 (오라이동 1550-11),2023-11-16 16:36:00.513998
111,063-464-9314,군산선유도점,전라북도 군산시 옥도면 선유북길 125-1 선유도리 213-3,2023-11-16 16:36:00.513998
112,070-7643-6611,고양삼송점,"경기도 고양시 덕양구 삼송로 222 (삼송동, 삼송역현대헤리엇) 1층 할리스",2023-11-16 16:36:00.513998
113,02-725-7308,독립문역점,"서울특별시 종로구 통일로 230 (무악동, 경희궁롯데캐슬) 상가동  1층",2023-11-16 16:36:00.513998
114,063-842-8420,익산모현점,전라북도 익산시 선화로3길 16-10 1층,2023-11-16 16:36:00.513998
115,070-7797-3247,일산문촌마을점,"경기도 고양시 일산서구 중앙로 1493 ,상가동 1층 1001-1, 1001-2",2023-11-16 16:36:00.513998
116,02-743-8526,성균관대점,서울특별시 종로구 성균관로 6 (명륜2가 204) 1~4층,2023-11-16 16:36:00.513998
117,042-543-3138,대전건양대병원점,"대전광역시 서구 관저동로 158 (관저동, 건양대학교병원) 신관 지하1층",2023-11-16 16:36:00.513998
118,042-825-2023,대전유성온천점,"대전 유성구 온천로 45  1,2층",2023-11-16 16:36:00.513998
119,070-8802-8041,스틸랜드점,"경기도 시흥시 오이도로 21 (정왕동, STEELLAND) 1층",2023-11-16 16:36:00.513998
120,055-736-2200,거제휴게소점,경상남도 거제시 장목면 거가대로 1068 .,2023-11-16 16:36:00.736090
121,051-715-2200,가덕휴게소점,부산광역시 강서구 거가대로 2571 (천성동) .,2023-11-16 16:36:00.736090
122,031-8061-0778,판교역점,"경기도 성남시 분당구 판교역로192번길 12 (삼평동, 판교미래에셋센터) 1층",2023-11-16 16:36:00.736090
123,02-976-0078,태릉입구역점,"서울특별시 노원구 화랑로 453 (공릉동, 그린힐) 1층",2023-11-16 16:36:00.736090
124,055-243-1052,마산저도점,경상남도 창원시 마산합포구 구산면 해양관광로 1872-50 2~3층,2023-11-16 16:36:00.736090
125,043-731-5560,충북옥천점,충청북도 옥천군 옥천읍 송신길 172 .,2023-11-16 16:36:00.736090
126,031-358-3567,화성조암점,경기도 화성시 우정읍 쌍봉로 76 103호,2023-11-16 16:36:00.736090
127,031-514-8194,모다아울렛구리점,"경기도 구리시 경춘북로 230 (갈매동, 모다아울렛) 1층",2023-11-16 16:36:00.736090
128,070-7576-4842,구로디지털점,"서울특별시 구로구 디지털로31길 12 1층 105,106호",2023-11-16 16:36:00.736090
129,031-673-3822,(상)안성맞춤휴게소점,경기도 안성시 서운면 평택제천고속도로 41 (안성맞춤휴게소평택방향) .,2023-11-16 16:36:00.736090
130,061-334-5466,나주빛가람혁신도시점,전라남도 나주시 배멧3길 5-4 (빛가람동) .,2023-11-16 16:36:01.051248
131,02-735-5462,청계천점,"서울특별시 종로구  청계천로 81 1,2,3,4층",2023-11-16 16:36:01.051248
132,.,(논)탄천휴게소점,충청남도 공주시 탄천면 논산천안고속도로 27 (탄천하행휴게소) .,2023-11-16 16:36:01.051248
133,010-4551-8103,(상)정안알밤휴게소점,충청남도 공주시 정안면 논산천안고속도로 58 (정안상행휴게소) 1층,2023-11-16 16:36:01.051248
134,032-833-2808,인천대입구역점,"인천광역시 연수구 인천타워대로132번길 34 (송도동) 104호,105호",2023-11-16 16:36:01.051248
135,031-523-3237,남양주진접점,경기도 남양주시 진접읍 해밀예당1로 8-12 가동 1~2층,2023-11-16 16:36:01.051248
136,02-403-0338,방이역점,"서울특별시 송파구 양재대로72길 5 (오금동, 올림픽파크센트레빌) 1층",2023-11-16 16:36:01.051248
137,02-541-7755,청담삼성로점,"서울특별시 강남구 삼성로119길 8 (삼성동, 강남대학교청담카이로스빌딩) 1층",2023-11-16 16:36:01.052248
138,031-986-2260,김포운양점,"경기도 김포시 김포한강11로255번길 15 (운양동, 김포한강이랜드타운힐스) .",2023-11-16 16:36:01.052248
139,052-990-5550,울산교보핫트랙스점,울산광역시 남구 화합로 185 (삼산동) 업스퀘어 B1 교보문고내,2023-11-16 16:36:01.052248
140,02-2088-0831,고덕그라시움후문점,"서울특별시 강동구 동남로82길 77-1 (고덕동) 2층~4층,고덕동 258-4",2023-11-16 16:36:01.270660
141,044-865-8882,세종가람DT점,세종특별자치시 금송로 589 (가람동) .,2023-11-16 16:36:01.270660
142,02-6365-0143,덕수궁점,서울특별시 중구  세종대로 91 (태평로2가) 1~2층 할리스,2023-11-16 16:36:01.270660
143,031-8035-1750,김포디원시티점,경기도 김포시 김포한강10로133번길 127 (구래동) 할리스커피,2023-11-16 16:36:01.270660
144,053-984-3001,대구봉무공원점,대구광역시 동구 단산길 4 (봉무동) 1~2층,2023-11-16 16:36:01.270660
145,02-845-1097,보라매역점,"서울특별시 영등포구 여의대방로 145 (신길동, 세인트빌딩) .",2023-11-16 16:36:01.270660
146,043-287-5731,청주산남DT점,"충청북도 청주시 서원구 1순환로 892,1,2층(산남동)",2023-11-16 16:36:01.270660
147,052-933-5243,(함)울주휴게소점,울산광역시 울주군 삼동면 함양울산고속도로 133 보은리 산193-1,2023-11-16 16:36:01.270660
148,031-667-7034,평택이충DT점,경기도 평택시 추담로 30 A동 1~2층 (이충동),2023-11-16 16:36:01.270660
149,031-8029-9005,평택지산점,"경기도 평택시 지산로 10, 1층 지산동 808-4, 101,102호",2023-11-16 16:36:01.270660
150,02-980-7374,미아역점,"서울특별시 강북구 도봉로 203, 1-2층 미아동 209-2",2023-11-16 16:36:01.504022
151,054-933-2222,성주성밖숲점,경상북도 성주군 성주읍 성밖숲길 7 .,2023-11-16 16:36:01.504022
152,033-637-0164,속초영랑해변DI점,강원도 속초시 영랑해안길 205 (영랑동 148-172) 할리스,2023-11-16 16:36:01.504022
153,052-275-3022,울산달동DT점,울산광역시 남구 번영로 82 (달동 1297-1) 할리스,2023-11-16 16:36:01.504022
154,.,송도학원가점,인천광역시 연수구 신송로 168 송도동 20-13,2023-11-16 16:36:01.504022
155,032-561-1578,인천당하점,"인천광역시 서구 서곶로 788 (당하동, 홀리랜드) 1층",2023-11-16 16:36:01.504022
156,031-520-8147,시흥은계점,"경기도 시흥시 은계번영길 13 (은행동, 아리테타워) 107,108,203~205호",2023-11-16 16:36:01.504022
157,02-877-5596,신림역점,서울특별시 관악구 신림로 313 (신림동) 2층,2023-11-16 16:36:01.504022
158,053-743-8700,대구수성네거리점,"대구광역시 수성구 들안로 326 1,2층 수성동3가 254-2",2023-11-16 16:36:01.504022
159,032-569-1235,인천서구청점,"인천광역시 서구 서곶로301번길 7-1 (심곡동, 세광빌딩) 심곡동 247-1",2023-11-16 16:36:01.504022
160,051-757-9433,부산광안리점,"부산광역시 수영구 광안해변로 175 (광안동, 광안에이파크오션) 1~2층",2023-11-16 16:36:01.730963
161,051-322-4117,부산사상광장점,부산광역시 사상구 광장로 22 (괘법동) 2층 사상구 괘법동 565-2,2023-11-16 16:36:01.730963
162,02-825-6369,대방역점,"서울특별시 동작구 알마타길 6 (대방동, 파밀리에 하늘마루) 101호, 102호 .",2023-11-16 16:36:01.730963
163,070-7808-1221,다산진건점,경기도 남양주시 다산중앙로20번길 10-44 (다산동) 1층  .,2023-11-16 16:36:01.730963
164,032-525-1002,2001아울렛부평점,"인천광역시 부평구 경원대로 1277 (산곡동, 2001아울렛부평점) A동 1층",2023-11-16 16:36:01.730963
165,02-6012-2372,강남대로논현점,"서울특별시 강남구 강남대로 520 (논현동, 영동빌딩) 논현동 164번지",2023-11-16 16:36:01.730963
166,042-866-5104,대전호텔ICC점,대전광역시 유성구 엑스포로123번길 55 (도룡동) 1층,2023-11-16 16:36:01.730963
167,02-323-3795,홍대거리점,"서울특별시 마포구 어울마당로 76-1, 2~4층 (서교동 364-19) 할리스",2023-11-16 16:36:01.730963
168,051-755-9100,부산센텀시티점,"부산광역시 해운대구 센텀2로 24 (우동, 센텀다이아몬드) 1층",2023-11-16 16:36:01.730963
169,055-266-1353,창원귀산점,경상남도 창원시 성산구 삼귀로 189 귀곡동 723-21,2023-11-16 16:36:01.730963
170,031-823-0201,의정부로데오점,경기도 의정부시 행복로 28 (의정부동) 지상 1층~ 4층,2023-11-16 16:36:01.959729
171,033-638-2123,속초엑스포점,강원도 속초시 청초호반로 75 (조양동) 1~3층,2023-11-16 16:36:01.959729
172,031-484-2002,안산중앙역점,"경기도 안산시 단원구 광덕4로 234 (고잔동, 천혜로데오프라자) 107,108호",2023-11-16 16:36:01.959729
173,031-378-8778,오산시청점,"경기도 오산시 성호대로 124 (원동, 신협빌딩) 101,102호",2023-11-16 16:36:01.959729
174,.,(하)정안알밤휴게소점,충청남도 공주시 정안면 논산천안고속도로 57 (정안하행휴게소) 할리스커피,2023-11-16 16:36:01.959729
175,070-4153-5598,청주NC백화점CGV점,충북 청주시 흥덕구 2순환로 1233  청주NC백화점 8층,2023-11-16 16:36:01.959729
176,02-951-3266,수락산역점,"서울특별시 노원구 동일로239가길 22 (상계동, 한올빌딩) 2층",2023-11-16 16:36:01.959729
177,070-7707-0042,망우점,서울특별시 중랑구 망우로 470 (망우동) 1층,2023-11-16 16:36:01.959729
178,02-838-7008,구로거리공원점,서울특별시 구로구 구로중앙로28길 52  구로동 109-1,2023-11-16 16:36:01.959729
179,033-673-0053,낙산해수욕장점,강원도 양양군 강현면 해맞이길 18 .,2023-11-16 16:36:01.959729
180,031-419-2131,안산한대앞점,"경기도 안산시 상록구 중보로 31 (이동, 썬프라자) .",2023-11-16 16:36:02.228589
181,063-832-1717,익산부송점,"전라북도 익산시 하나로10길 70-1 (부송동, 레스트빌딩) 1층",2023-11-16 16:36:02.228589
182,031-848-5375,양주삼숭DI점,"경기도 양주시 부흥로 2239 1,2층 삼숭동 477-1",2023-11-16 16:36:02.228589
183,02-521-8944,교대역점,"서울특별시 서초구 반포대로30길 81 (서초동, 웅진타워) 1층 .",2023-11-16 16:36:02.228589
184,031-957-6200,파주운정역점,경기도 파주시 경의로1240번길 37-1  101~3호 201~2호,2023-11-16 16:36:02.228589
185,031-357-6399,제부도점,"경기도 화성시 서신면 해안길 434 1,2층",2023-11-16 16:36:02.228589
186,033-461-7767,인제점,강원도 인제군 인제읍 인제로 198 .,2023-11-16 16:36:02.228589
187,042-273-7400,가오CGV점,"대전광역시 동구 은어송로 72 4층(가오동, 패션아일랜드) .",2023-11-16 16:36:02.228589
188,043-292-5105,청주분평점,"충청북도 청주시 서원구 월평로 4 분평동 1226, 대상탑존빌딩 111호",2023-11-16 16:36:02.228589
189,070-8808-1040,당진시청점,충청남도 당진시 시청2로 49-25 (수청동) 로고스타워 1~2층,2023-11-16 16:36:02.228589
190,063-918-2211,익산영등점,전라북도 익산시 고봉로32길 46-1 (영등동) 1~2층,2023-11-16 16:36:02.466561
191,031-293-8810,수원SKV1모터스점,경기도 수원시 권선구 평동로79번길 45 (평동) 1층 135호,2023-11-16 16:36:02.466561
192,02-851-3365,구로디지털단지역점,"서울특별시 구로구 디지털로32나길 38 (구로동, 서림빌딩) 1층",2023-11-16 16:36:02.466561
193,02-701-3967,공덕경의선숲길점,"서울특별시 마포구 백범로28길 22, 일양빌딩 신관 1층 (염리동 164-1)",2023-11-16 16:36:02.466561
194,052-260-0900,울산신정점,"울산광역시 남구 동산로 93  신정동 1265-16, 1층",2023-11-16 16:36:02.466561
195,031-385-3400,평촌점,"경기도 안양시 동안구 관평로170번길 43, 훼미리타운 125호 .",2023-11-16 16:36:02.466561
196,055-547-9777,진해속천점,경상남도 창원시 진해구 태평로 132 (속천동) 2~3층 할리스커피,2023-11-16 16:36:02.466561
197,054-977-8255,칠곡왜관점,경상북도 칠곡군 석적읍 석적로 178-3 1~2층,2023-11-16 16:36:02.466561
198,02-332-8079,홍대역2번출구점,서울특별시 마포구 동교로 200 1~3층 동교동 158-26,2023-11-16 16:36:02.466561
199,02-3401-5337,가락시장역점,"서울특별시 송파구 중대로 130 가락동112-2, 원전빌딩 1층	",2023-11-16 16:36:02.466561
200,031-221-7286,화성능동DT점,"경기 화성시 동탄지성로 215 1,2층 전체호(병점동)",2023-11-16 16:36:02.689158
201,055-351-0056,밀양킹콩점,"경상남도 밀양시 삼문강변로 272 (삼문동) 2,3층",2023-11-16 16:36:02.689158
202,053-951-9990,경북대북문점,대구광역시 북구 대학로 17길 3 (산격동 1393-11) 할리스 B1~3층,2023-11-16 16:36:02.690209
203,02-6002-3100,코엑스점,"서울특별시 강남구 영동대로 513, 코엑스 지하 1층  C113호 (삼성동 159)  할리스  ",2023-11-16 16:36:02.690209
204,031-775-1157,양평점,경기도 양평군 양평읍 중앙로 90 1층,2023-11-16 16:36:02.690209
205,031-996-1388,김포시청점,"경기도 김포시 김포대로 847 중앙프라자 105,204호",2023-11-16 16:36:02.690209
206,031-411-9733	,안산선부점,경기도 안산시 단원구 선부광장1로 56 (선부동) 할리스커피,2023-11-16 16:36:02.690209
207,070-7514-8707,화정역점,경기도 고양시 덕양구 화신로272번길 67  장군빌딩 1층,2023-11-16 16:36:02.690271
208,063-468-4100,군산새만금산단점,전라북도 군산시 새만금북로 424 (오식도동) 1층 104호,2023-11-16 16:36:02.690271
209,031-592-3118,다산한강점,경기도 남양주시 다산지금로 163번길 9-12 1층,2023-11-16 16:36:02.690271
210,070-4445-2428,상암DDMC점,"서울시 마포구 매봉산로 75, DDMC 1층 104호 상암동 1610",2023-11-16 16:36:02.922507
211,070-4647-0030,덕양구청점,"경기도 고양시 덕양구 화중로104번길 8 (화정동, 장원프라자) 1층 102호",2023-11-16 16:36:02.922507
212,041-952-5757,(하)서천휴게소점,충청남도 서천군 비인면 서해안고속도로 169 .,2023-11-16 16:36:02.922507
213,063-255-3000,전주에코시티세병호점,전라북도 전주시 덕진구 세병로 176 (송천동2가) 1층~2층,2023-11-16 16:36:02.922507
214,031-523-3948,다산리코빌파크뷰점,"경기도 남양주시 다산순환로 220 (다산동) 104 ~107호, 다산동 6020",2023-11-16 16:36:02.922507
215,02-364-7787,서대문농협생명빌딩점,"서울시 서대문구 통일로 87  미근동 257, NH농협생명빌딩 동관 1층",2023-11-16 16:36:02.922507
216,043-217-1477,(하)오창휴게소점,충청북도 청주시 청원구 오창읍 중부고속도로 21 (오창휴게소통영기점) .,2023-11-16 16:36:02.922507
217,043-260-1053,(하)옥산휴게소점,충청북도 청주시 흥덕구 옥산면 경부고속도로 309 (옥산휴게소부산방향) 옥산휴게소(하행) 할리스커피,2023-11-16 16:36:02.922507
218,070-4953-9475,김포지식산업센터점,"경기도 김포시 태장로 795번길 145, 아셈호텔 1층 장기동 2011-2",2023-11-16 16:36:02.922507
219,031-8086-8211,군포IT밸리점,"경기도 군포시 고산로148번길 17 (당정동, 군포IT밸리) 1층",2023-11-16 16:36:02.922507
220,061-795-6600,광양중동점,전라남도 광양시 공영로 92-1 (중동) .,2023-11-16 16:36:03.170457
221,053-620-0001,대구이월드점,대구광역시 달서구 두류공원로 200 (두류동) . ,2023-11-16 16:36:03.170457
222,042-861-6947,대전문지점,대전광역시 유성구 문지로299번길 94-19 (문지동) 1층,2023-11-16 16:36:03.170457
223,053-759-5779,대구범어천로점,"대구광역시 수성구 범어천로 200 (범어동, 범어월드메르디앙웨스턴카운티) 102호,201호",2023-11-16 16:36:03.170457
224,02-2664-7876,마곡나인스퀘어점,"서울특별시 강서구 공항대로 206 (마곡동, 나인스퀘어) 마곡동 800, 101,102,103호",2023-11-16 16:36:03.170457
225,063-246-2203,전주아중점,"전라북도 전주시 덕진구 아중로 193 (우아동2가) 1,2층 ",2023-11-16 16:36:03.170457
226,0507-1384-9696,청주명암레이크점,충북 청주시 상당구 용담동 449  .,2023-11-16 16:36:03.170457
227,032-743-3716,인천공항T1점,"인천광역시 중구 공항로 272 (운서동, 인천공항) 인천국제공항 제1여객터미널 L/S 1층",2023-11-16 16:36:03.170457
228,031-8094-8747,이천하이닉스점,경기도 이천시 부발읍 경충대로 2091 연구개발동 1층,2023-11-16 16:36:03.170457
229,070-5226-1999,수유사거리점,서울특별시 강북구 도봉로82길 11 (번동) 2~4층 ,2023-11-16 16:36:03.170457
230,02-3789-8747,명동퍼시픽호텔점,"서울특별시 중구 퇴계로20길 2 (남산동2가, 퍼시픽호텔) 1층 ",2023-11-16 16:36:03.393779
231,070-8820-3117,천안펜타포트점,"충청남도 천안시 서북구 공원로 196 (불당동, 펜타포트) 5층",2023-11-16 16:36:03.393779
232,02-412-3260,아시아선수촌점,서울특별시 송파구 백제고분로 109 (잠실동) 1층~4층,2023-11-16 16:36:03.393779
233,02-831-3085,보라매병원점,서울시 동작구 보라매로5길 20 서울특별시보라매병원 희망관 1층,2023-11-16 16:36:03.393779
234,062-959-3327,광주수완2호점,"광주광역시 광산구 수완로 73번길 7, 1층 (수완동)  1층",2023-11-16 16:36:03.393779
235,031-204-0065,수원망포점,"경기도 수원시 영통구 덕영대로1556번길 16 디지털엠파이어빌딩 125,126,127,212호 (영통동)",2023-11-16 16:36:03.393779
236,070-8800-3998,세종어반아트리움점,"세종특별자치시 나성로 96 (나성동, 더센트럴) 101,102호",2023-11-16 16:36:03.393779
237,02-6406-0046,무악재역점,"서울특별시 서대문구 통일로 360 (홍제동, 보하빌딩) .",2023-11-16 16:36:03.393779
238,070-4109-5800,대전한남대점,대전 대덕구 한남로 65 오정동 172-3,2023-11-16 16:36:03.393779
239,031-630-0001,(하)마장휴게소점,"경기도 이천시 마장면중부고속도로82 마장휴게소 하행 통영방향, 목리 산 13-32",2023-11-16 16:36:03.393779
240,031-377-5823,오산수청점,"경기도 오산시 내삼미로79번길 46 (수청동 619-1) 101~104호 (수청동, 어반스페이스타워)",2023-11-16 16:36:03.612675
241,02-701-5785,공덕점,"서울특별시 마포구  마포대로 143 (공덕동, 마포공덕파크팰리스 Ⅱ) 1층 (114~121호)",2023-11-16 16:36:03.612675
242,없음,(상)예산휴게소점,충청남도 예산군 신양면 당진영덕고속도로 33 (예산휴게소 상행) 당진 방향,2023-11-16 16:36:03.612675
243,02-2233-0866,약수역점,"서울특별시 중구 다산로 114 (신당동,1~2층)",2023-11-16 16:36:03.612675
244,053-584-5702,대구성서점,"대구광역시 달서구 성서로 419, 국민연금대구사옥 1층 (이곡동 1198-5) 할리스",2023-11-16 16:36:03.612675
245,052-276-3535,울산야음점,"울산 남구 수암로 138, 타임스퀘어 상가 야음동 789-14, 101호",2023-11-16 16:36:03.612675
246,02-323-7791,홍대역점,서울특별시 마포구 어울마당로 111 (동교동) 2층,2023-11-16 16:36:03.612675
247,02-322-3684,신촌연세로점,"서울특별시 서대문구 연세로 5, 1층 (창천동 30-7) 할리스",2023-11-16 16:36:03.612675
248,070-4042-3118,용인명지대점,경기도 용인시 처인구 명지로116번길 24-2 (남동) 1~2층,2023-11-16 16:36:03.612675
249,070-8835-5073,용산아이파크몰 영풍문고점,"서울특별시 용산구 한강대로23길 55 (한강로3가, 용산역) 용산역 리빙관 3층(한강로 3가)",2023-11-16 16:36:03.612675
250,063-221-5072,국민연금공단점,전북 전주시 덕진구  기지로 170 국민연금공단 국민누리관 1층,2023-11-16 16:36:03.829654
251,051-517-1110,부산금강식물원점,"부산광역시 금정구 금샘로 22 (장전동) 1,2층 금정구 장전동 521-68외1필지 1,2층",2023-11-16 16:36:03.829654
252,02-6267-6800,선유도역점TS카페,"서울특별시 영등포구 양평로 96 (양평동4가) TS빌딩 1,2층",2023-11-16 16:36:03.829654
253,02-862-3216,구로역점,서울특별시 구로구 새말로 18-29 (구로동) .,2023-11-16 16:36:03.829654
254,없음,공덕역북카페점,"서울특별시 마포구 마포대로 100 (공덕동, 공덕역) 북카페 지하1층, 공덕동 423-29",2023-11-16 16:36:03.829654
255,063-584-0011,부안격포채석강점,전라북도 부안군 변산면 채석강길 22-10 .,2023-11-16 16:36:03.829654
256,053-324-6122,대구관음점,"대구광역시 북구 구암로 59 비전스퀘어 1,2층 .",2023-11-16 16:36:03.829654
257,042-365-0365,대전가장점,"대전광역시 서구 도솔로 314  1층, 2층(괴정동, SL 빌딩)",2023-11-16 16:36:03.829654
258,042-862-3335,대전신성점,대전광역시 유성구 유성대로1184번길 18 (신성동) .,2023-11-16 16:36:03.829654
259,02-2200-1303,왕십리역점,"서울특별시 성동구 왕십리광장로 17 (행당동, 왕십리민자역사) 비트플렉스몰 3층 영풍문고 내",2023-11-16 16:36:03.829654
260,041-563-4700,천안쌍용점,"충청남도 천안시 서북구 미라13길 16 (쌍용동) 쌍용동 955, 성건오피스텔 1층",2023-11-16 16:36:04.078352
261,02-786-3485,전경련회관점,"서울특별시 영등포구 여의대로 24 (여의도동, 전국경제인연합회회관) 지하 1층 B109~111호 ",2023-11-16 16:36:04.078352
262,070-4442-0608,양산부산대병원치과동점,"경상남도 양산시 물금읍 금오로 20, 양산부산대학교병원 치과병동 1층(범어리 2762-1) 할리스",2023-11-16 16:36:04.078352
263,055-362-4582,양산부산대병원본점,"경상남도 양산시 물금읍 금오로 20, 양산부산대학교병원 중앙진료동 1층(범어리 2762-1) 할리스",2023-11-16 16:36:04.078352
264,031-792-9389,하남덕풍점,경기도 하남시 덕풍북로 2 (덕풍동) 1층,2023-11-16 16:36:04.078352
265,051-311-5399,부산백양대로DI점,"부산광역시 사상구 백양대로 621, 2~4층(괘법동 141) 할리스",2023-11-16 16:36:04.078352
266,032-425-0915,간석오거리점,인천광역시 남동구 남동대로 931 (간석동) 씨앤케이 웨딩홀,2023-11-16 16:36:04.078352
267,02-2281-2116,한양대병원점,"서울특별시 성동구 왕십리로 222-1, 한양대학교병원 본관 1층 (사근동 110, 한양대학부속병원) 할리스",2023-11-16 16:36:04.078352
268,02-6411-0063,서초마제스타시티점,"서울특별시 서초구 서초대로38길 12 (서초동, 마제스타시티,힐스테이트서리풀) 1층",2023-11-16 16:36:04.078352
269,031-404-7966,월곶점,경기도 시흥시 월곶중앙로 63 (월곶동) .,2023-11-16 16:36:04.078352
270,042-485-9777,대전만년점,"대전광역시 서구 둔산대로117번길 95 (만년동, 리더스타운) 만년동 309",2023-11-16 16:36:04.299451
271,.,(하)선산휴게소점,경상북도 구미시 옥성면 중부내륙고속도로 129 .,2023-11-16 16:36:04.299451
272,031-224-6999,화성융건릉점,"경기도 화성시 효행로 501-3 1,2층",2023-11-16 16:36:04.299451
273,042-482-8425,대전탄방점,"대전광역시 서구 계룡로571번길 23-19 (탄방동) 1층 102호,103호,104호 / 탄방동 688",2023-11-16 16:36:04.299451
274,063-901-0802,서전주DT점,전라북도 전주시 완산구 유연로 5 (효자동3가 1045-50) ,2023-11-16 16:36:04.299451
275,031-996-2000,김포한강생태공원점,"경기도 김포시 김포한강11로 452,1~2층  운양동 1264-4",2023-11-16 16:36:04.299451
276,051-557-7811,부산명륜역점,부산광역시 동래구 온천장로 5 (온천동) 1층,2023-11-16 16:36:04.299451
277,055-745-9633,진주평거점,"경상남도 진주시 진양호로 46 (평거동) 1층,2층 (에스원빌딩)",2023-11-16 16:36:04.299451
278,031-211-5718,아주대병원점,"경기도 수원시 영통구 월드컵로 164 (원천동, 아주대학병원) 아주대학교병원 본관 1층",2023-11-16 16:36:04.299451
279,053-761-5655,대구수성못점,대구광역시 수성구 용학로 115 두산동 690,2023-11-16 16:36:04.299451
280,053-942-1033,동대구역사점,대구광역시 동구 동대구로 550 (동대구역 내 1층),2023-11-16 16:36:04.545762
281,02-2266-1989,종로5가점,서울특별시 종로구 동호로 401(종로5가) .,2023-11-16 16:36:04.545762
282,051-342-8835,부산덕천점,"부산광역시 북구 덕천1길 21, 1~2층 (덕천동 400-14) 할리스",2023-11-16 16:36:04.545762
283,032-505-7130,부평로데오점,"인천광역시 부평구 시장로 17-1 (부평동, 인일 빌딩) 1,2,3층",2023-11-16 16:36:04.545762
284,043-239-0075,충북오송점,충청북도 청주시 흥덕구 오송읍 만수1길 3 .,2023-11-16 16:36:04.545762
285,02-761-3154,여의도파이낸스타워점,"서울특별시 영등포구 국제금융로2길 32, 여의도파이낸스타워 1층(여의도동 23-8)",2023-11-16 16:36:04.545762
286,031-986-7932,김포농협본점,경기도 김포시 홍도평로 20 (걸포동) 김포농협하나로마트본점 2층,2023-11-16 16:36:04.545762
287,070-7778-2409,다산지금점,경기도 남양주시 다산중앙로82번안길 143-15 101호,2023-11-16 16:36:04.545762
288,02-741-5815,서울대병원점,"서울특별시 종로구 대학로 101 (연건동, 서울대학교의과대학)",2023-11-16 16:36:04.545762
289,070-7547-4100,구로디지털뉴스테이점,서울시 영등포구 시흥대로 595 104~5호,2023-11-16 16:36:04.545762
290,054-744-7700,경주보불로점,경북 경주시 보불로 305 .,2023-11-16 16:36:04.762695
291,063-547-9600,전북김제점,전북 김제시 검산택지 5길 21-10 1층,2023-11-16 16:36:04.762695
292,053-353-5544,대구침산네거리점,대구광역시 북구 침산남로 157 (침산동) .,2023-11-16 16:36:04.762695
293,053-961-7007,대구반야월점,대구광역시 동구 안심로 255 .,2023-11-16 16:36:04.762695
294,02-6031-6213,센터포인트점,"서울특별시 종로구 새문안로5길 31, 센터포인트광화문빌딩 1층 (도렴동 65, 센터포인트 광화문) 할리스",2023-11-16 16:36:04.762695
295,02-322-3584,홍대입구역점,"서울특별시 마포구 양화로 151, 1층 (동교동 160-1) 할리스",2023-11-16 16:36:04.762695
296,063-442-8777,군산미장점,전라북도 군산시 미장안길 54  통큰타운3동 105호,2023-11-16 16:36:04.762695
297,02-585-9150,백석예술대학교점,"서울특별시 서초구 방배로9길 23 (방배동, 백석예술대학교) 방배동 981-17",2023-11-16 16:36:04.762695
298,042-522-3141,대전오류점,"대전광역시 중구 계룡로 876 메종드메디컬빌딩 104호, 202호 오류동 151-3",2023-11-16 16:36:04.762695
299,2188-7100,카페테리아&삼성점,"서울시 강남구 삼성로 512, 10층 인터파크 카페테리아 (삼성동) .",2023-11-16 16:36:04.762695
300,02-501-3573,역삼테헤란점,"서울특별시 강남구 테헤란로 131, 한국지식재산센터 1층 (역삼동 647-9) 할리스",2023-11-16 16:36:05.031142
301,053-267-3338,대구현풍테크노점,대구시 달성군 유가읍 테크노공원로 65 .,2023-11-16 16:36:05.031142
302,061-862-0119,전남장흥점,전라남도 장흥군 장흥읍 북부로 18 .,2023-11-16 16:36:05.031142
303,031-551-0988,구리수택DI점,경기도 구리시 검배로 73 (수택동) 할리스,2023-11-16 16:36:05.031142
304,02-865-0012,난곡사거리점,서울 관악구 남부순환로 1489 신림동 526-13,2023-11-16 16:36:05.031142
305,02-2645-9957,신정네거리역점,서울특별시 양천구 중앙로 252 2층 .,2023-11-16 16:36:05.031142
306,054-604-0375,구미CGV점,"경상북도 구미시 구미중앙로 44 (원평동, 멀티복합상가) 원평동 68-1, 1층",2023-11-16 16:36:05.031142
307,070-8887-4965,역곡역점,경기 부천시 부일로726번길 5 (역곡동 80) 역곡역 2번출구 사거리에서 가톨릭대학교방향 좌회전 후 약 50M,2023-11-16 16:36:05.031142
308,031-372-9750,오산대역DT점,경기도 오산시 경기대로 491 (수청동) 1층~3층 할리스,2023-11-16 16:36:05.031142
309,02-318-6381,을지로입구점,서울특별시 중구 명동3길 23 (을지로2가) 1~4층 할리스 ,2023-11-16 16:36:05.031142
310,054-441-4452,구미금오산DI점,경상북도 구미시 금오산로 209 (남통동) 할리스커피 구미금오산점 ,2023-11-16 16:36:05.448029
311,.,(하)매송휴게소점,경기 화성시 매송면 서해안고속도로 315 목포방향 서해안고속도로 315 목포방향,2023-11-16 16:36:05.448029
312,.,(상)매송휴게소점,경기 화성시 매송면 서해안고속도로 316 서울방향 .,2023-11-16 16:36:05.448029
313,055-298-3434,창원팔용점,경상남도 창원시 의창구 창원대로 18번길 6-8 (팔용동) .,2023-11-16 16:36:05.449030
314,063-232-6000,전주남천교점,전라북도 전주시 완산구 전주천서로 81  동서학동 66,2023-11-16 16:36:05.449030
315,051-989-3296,부산연산점,부산광역시 연제구 반송로 89 (연산동) 1층,2023-11-16 16:36:05.449030
316,053-353-5412,대구침산점,"대구 북구 성북로 36,2층 601,602,603,604 473-3, 침산초등학교 맞은편",2023-11-16 16:36:05.449030
317,.,(하)홍천휴게소점,강원도 홍천군 화촌면 서울양양고속도로 84 .,2023-11-16 16:36:05.449030
318,031-372-1650,동탄카림애비뉴점,경기도 화성시 동탄대로시범길 134 0001호 .,2023-11-16 16:36:05.449030
319,053-252-6307,대구동성로점,"대구광역시 중구 동성로6길 32, B1~2층 (공평동 52-2) 할리스",2023-11-16 16:36:05.449030
320,055-261-5925,상남중앙점,경상남도 창원시 성산구 마디미로38번길 11 (상남동 25) 할리스,2023-11-16 16:36:05.989776
321,032-425-1793,인천주안역점,"인천광역시 미추홀구 주안로 105 1,2층 주안동 130-10 /남구->미추홀구 변경",2023-11-16 16:36:05.989776
322,052-293-2234,울산삼산대로점,울산광역시 남구 정동로 71 (삼산동) 삼산동,2023-11-16 16:36:05.989776
323,031-568-7232,구리장자호수공원점,"경기도 구리시 장자대로 86번길 18 1,2층 (참참존빌딩)",2023-11-16 16:36:05.989776
324,02-392-1008,이대점,"서울특별시 서대문구 이화여대길 59 (대현동, 메르체쇼핑몰) 엘큐브 3층",2023-11-16 16:36:05.989776
325,053-742-0614,동대구환승센터점,"대구광역시 동구 동부로 149 (신천동, 신세계동대구복합환승센터) 3층",2023-11-16 16:36:05.989776
326,031 946 4823,파주야당역점,경기도 파주시 경의로 1042 (야당동) 1층,2023-11-16 16:36:05.990776
327,02-2655-1300,목동예술인회관점,"서울시 양천구 목동서로 225, 예술인회관 1층 1층",2023-11-16 16:36:05.990776
328,031-964-7785,원당점,"경기도 고양시 덕양구 호국로 797, 대동피렌체 104~106호 1층",2023-11-16 16:36:05.990776
329,043-832-7966,(하)괴산휴게소점,충북 괴산군 장연면 중부내륙고속도로 205 괴산(마산방향)휴게소  할리스커피,2023-11-16 16:36:05.990776
330,070-4325-8801,(상)보성녹차휴게소점,전라남도 보성군 미력면 남해고속도로 63 (보성녹차(목포)주유소) 목포방향,2023-11-16 16:36:06.366915
331,070-4325-8808,(하)보성녹차휴게소점,전남 보성군 겸백면 남해고속도로 70 .,2023-11-16 16:36:06.366915
332,02-501-4255,선릉샹제리제점,"서울특별시 강남구 테헤란로 406 (대치동, 샹제리제센터) A동 1층",2023-11-16 16:36:06.366915
333,032-456-4499,인천연수CGV점,인천 연수구 청능대로 210 (스쿼어원 4층) 동춘동 926 ,2023-11-16 16:36:06.366915
334,054-439-3187,(상)추풍령휴게소점,경북 김천시 봉산면 경부고속도로 214-1 광천리 737-1 (서울방향),2023-11-16 16:36:06.366915
335,052-292-8181,울산풍차DT점,울산광역시 북구 산업로 1448-1 신천동 426,2023-11-16 16:36:06.366915
336,02-578-3372,(하)만남의광장점,"서울특별시 서초구 양재대로12길 73-71 (원지동, 만남의광장) 할리스커피",2023-11-16 16:36:06.366915
337,010-8326-4908,시흥하늘휴게소점,경기도 시흥시 수도권제1순환고속도로 105-1 (조남동) 조남동 15-10,2023-11-16 16:36:06.366915
338,061-282-8280,남악신도시점,"전라남도 무안군 삼향읍 남악로 234 트리폴리앙 B동 1, 108호 .",2023-11-16 16:36:06.366915
339,051-727-3714,(상)장안휴게소점,부산광역시 기장군 장안읍 동해고속도로 26 .,2023-11-16 16:36:06.366915
340,051-727-3647,(하)장안휴게소점,부산광역시 기장군 장안읍 동해고속도로 25 (장안휴게소하행) .,2023-11-16 16:36:06.777441
341,02-2268-8960,충무로역점,"서울특별시 중구 퇴계로36길 2 (필동2가, 동국대학교충무로영상센터) .",2023-11-16 16:36:06.777441
342,031-630-0001,(상)마장휴게소점,경기도 이천시 마장면 중부고속도로 82 마장휴게소 상행 하남방향,2023-11-16 16:36:06.777441
343,044-862-9027,세종소담DI점,세종특별자치시 소담로 40 소담동 570,2023-11-16 16:36:06.777441
344,051-242-6552,부산BIFF광장점,"부산 중구 비프광장로 31-1, 1층 .",2023-11-16 16:36:06.777441
345,051-441-0918,부산역사점,"부산광역시 동구 중앙대로 206 (초량동, 한국철도공사부산지역본부) 2층 초량동 1187-1",2023-11-16 16:36:06.777441
346,070-7716-0123,광주일곡점,광주광역시 북구 송해로 81 일곡동 821-5  1~3층,2023-11-16 16:36:06.777441
347,041-354-2004,당진푸르지오점,충청남도 당진시 읍내동 1590 1층 희은빌라 .,2023-11-16 16:36:06.777441
348,042-389-2831,대전전민점,대전광역시 유성구 전민로22번길 62 전민동 306-1,2023-11-16 16:36:06.777441
349,033-432-3368,홍천점,강원도 홍천군 홍천읍 꽃뫼로 98 .,2023-11-16 16:36:06.777441
350,061-283-9800,목포하당점,전라남도 목포시 비파로51번길 37 (상동) .,2023-11-16 16:36:07.088760
351,054-433-4333,김천혁신도시점,경상북도 김천시 혁신로 246 .,2023-11-16 16:36:07.088760
352,053-341-9595,대구팔달교DT점,대구광역시 서구 팔달로 34 .,2023-11-16 16:36:07.088760
353,031-574-5655,별내카페거리점,경기도 남양주시 두물로39번길 33 (별내동) .,2023-11-16 16:36:07.088760
354,031-957-9477,파주탄현점,"경기도 파주시 탄현면 방촌로 1017 1,2층",2023-11-16 16:36:07.088760
355,x,(상)안성휴게소점,경기도 안성시 원곡면 산하리 67-3  000,2023-11-16 16:36:07.088760
356,062-956-6582,광주우산점,광주광역시 광산구 풍영철길로 12 (우산동) 1층,2023-11-16 16:36:07.088760
357,063-467-9500,군산수송점,"전라북도 군산시 수송북로 22 수송동 831-1,1층",2023-11-16 16:36:07.088760
358,031-222-6842,수원인계점,경기도 수원시 팔달구 인계로138번길 49 (인계동) 인계동 1038-12,2023-11-16 16:36:07.088760
359,032-752-1761,영종하늘도시점,"인천 중구 하늘달빛로 90-21 1,2층 중산동 1876-9",2023-11-16 16:36:07.088760
360,02-313-0807,서대문역점,서울특별시 서대문구 통일로9안길 28 (충정로2가) 1층,2023-11-16 16:36:07.495130
361,051-631-3193,동부산우체국점,"부산광역시 동구 조방로 15, 1층  .",2023-11-16 16:36:07.495130
362,031-405-7337,안산로데오점,경기도 안산시 단원구 중앙대로 907 .,2023-11-16 16:36:07.495130
363,070-4228-7345,안성팜랜드점,"경기도 안성시 공도읍 대신두길 28, 안성팜랜드 .",2023-11-16 16:36:07.495130
364,055-372-0268,양산원동점,경상남도 양산시 원동면 원동로 1429 .,2023-11-16 16:36:07.495130
365,062-385-0725,광주금호점,광주광역시 서구 운천로 3 (금호동 762-6) 1층,2023-11-16 16:36:07.495130
366,032-265-0103,인천엠파크허브점,"인천광역시 서구 염곡로 52, 엠파크 허브동 103호 (가좌동 150-19) .",2023-11-16 16:36:07.495130
367,053-553-3002,대구본리점,대구광역시 달서구 장기로 203 (본리동 62-16) .,2023-11-16 16:36:07.495130
368,없음,대구월성CGV점,"대구광역시 달서구 조암로 29 이래타워 4F 월성동, 616",2023-11-16 16:36:07.495130
369,051-271-5600,명지국제신도시점,부산광역시 강서구 명지국제11로 57  명지동 3334-4,2023-11-16 16:36:07.495130
370,062-351-4687,유스퀘어CGV점,"광주광역시 서구 무진대로 904, 유스퀘어 2층 (광천동, 49-1) .",2023-11-16 16:36:07.908107
371,062-251-5684,광주오치점,광주광역시 북구 서하로 185 (오치동 862-21) 1층,2023-11-16 16:36:07.908107
372,062-951-5979,광주운남점,광주광역시 광산구 하남대로 248-13 (운남동 771-3 ) 1층,2023-11-16 16:36:07.908107
373,063-832-4700,익산어양점,"전라북도 익산시 동서로63길 4, 101호 (어양동, 하모니시티) 1층",2023-11-16 16:36:07.908107
374,063-271-5056,전주백제대로점,전라북도 전주시 덕진구 백제대로 592 (금암동) 1층,2023-11-16 16:36:07.908107
375,031-851-3633,의정부민락점,"경기도 의정부시 오목로205번길 55 (민락동, 메가타워) 1,2층",2023-11-16 16:36:07.908107
376,041-522-5024,동천안우체국점,"충청남도 천안시 동남구 청수5로 10, 1층 .",2023-11-16 16:36:07.908107
377,055-854-3574,(상)사천휴게소점,경상남도 사천시 곤양면 묵실길 31-11 (순천방향) .,2023-11-16 16:36:07.908107
378,055-854-3134,(하)사천휴게소점,경상남도 사천시 곤양면 서삼로 619 (부산방향) .,2023-11-16 16:36:07.908107
379,063-228-4005,전북도청점,"전라북도 전주시 완산구 홍산남로 51, 102~103호 일부(효자동3가) 1층",2023-11-16 16:36:07.908107
380,063-581-0620,전북부안점,"전라북도 부안군 부안읍 석정로 269, 1층 .",2023-11-16 16:36:08.315648
381,02-2299-9934,한양대시티빌점,서울특별시 성동구 마조로1가길 9 (행당동) .,2023-11-16 16:36:08.315648
382,033-522-0117,동해촛대바위점,강원도 동해시 촛대바위길 16 (추암동 1-6) .,2023-11-16 16:36:08.315648
383,02-515-1162,논현역점,"서울특별시 서초구 신반포로 332 (반포동, 우진빌딩) 1층",2023-11-16 16:36:08.315648
384,051-255-6100,부산송도점,부산광역시 서구 송도해변로 61-1 .,2023-11-16 16:36:08.315648
385,031-651-2750,평택서재점,"경기도 평택시 서재로 26-24 (동삭동) 1,2층 동삭동 711-14",2023-11-16 16:36:08.315648
386,033-745-5007,원주단계택지점,강원도 원주시 장미공원길 27-9 .,2023-11-16 16:36:08.315648
387,02-451-0723,수서점,"서울특별시 강남구 밤고개로1길 10 (수서동, 수서현대벤쳐빌) 지하1층",2023-11-16 16:36:08.315648
388,031-291-7933,수원오목천점,경기도 수원시 권선구 서수원로 179 1~2층,2023-11-16 16:36:08.315648
389,054-383-6114,(상)군위휴게소점,경상북도 군위군 군위읍 경북대로 4084 부산방향,2023-11-16 16:36:08.315648
390,055-366-0268,양산신도시점,경상남도 양산시 물금읍 야리로 127 .,2023-11-16 16:36:08.728908
391,063-636-7191,(상)지리산휴게소점,전라북도 남원시 아영면 광주대구고속도로 76 (대구방면),2023-11-16 16:36:08.728908
392,063-636-7195,(하)지리산휴게소점,"전라북도 남원시 아영면 광주대구고속도로 75 (지리산휴게소(하)광주방면) (광주, 고서,담양방면)",2023-11-16 16:36:08.728908
393,061-681-2522,여수웅천점,전라남도 여수시 예울마루로 35-24 (웅천동) 웅천동 1699-3,2023-11-16 16:36:08.728908
394,053-522-0666,대구장기점,대구광역시 달서구 장기로 268 .,2023-11-16 16:36:08.728908
395,054-931-5742,(상)남성주휴게소점,"경상북도 성주군 용암면 중부내륙고속도로 76 (본리리, 남성주(양평방향)휴게소) 양평방향",2023-11-16 16:36:08.728908
396,02-591-1555,고속터미널영동선점,"서울특별시 서초구 신반포로 194 (반포동, 강남고속버스터미널) 2층 A-2호",2023-11-16 16:36:08.728908
397,043-731-8096,(상)옥천휴게소점,"충청북도 옥천군 옥천읍 옥천동이로 242-34 (매화리, 옥천상휴게소) .",2023-11-16 16:36:08.728908
398,070-7766-1589,세종어진점,"세종특별자치시 절재로 194 (어진동, 중앙타운) 133호,214호 .",2023-11-16 16:36:08.728908
399,053-321-0099,대구동천점,대구광역시 북구 동천로 125 (동천동) .,2023-11-16 16:36:08.728908
400,054-745-0631,(상)외동휴게소점,경상북도 경주시 외동읍 석계리 970번지 상석길 58-70,2023-11-16 16:36:09.037705
401,054-933-7105,(하)남성주휴게소점,"경상북도 성주군 선남면 중부내륙고속도로 77 (명포리, 남성주(창원방향)휴게소) 창원방향",2023-11-16 16:36:09.037705
402,031-466-2879,안양역점,경기도 안양시 만안구 장내로139번길 61 .,2023-11-16 16:36:09.037705
403,042-826-6080,대전도안마을점,"대전광역시 유성구 도안대로 560 (봉명동, 도안마을1단지) .",2023-11-16 16:36:09.037705
404,063-275-1230,전주하가점,전라북도 전주시 덕진구 가련산로 25 (덕진동2가) 1층,2023-11-16 16:36:09.037705
405,02-2025-0255,구로점,"서울특별시 구로구 디지털로34길 55 (구로동, 코오롱싸이언스밸리2차) 1층/ 구로동 811",2023-11-16 16:36:09.037705
406,031-938-4055,고양행신점,경기도 고양시 덕양구 충경로 37 (행신동) 1층,2023-11-16 16:36:09.037705
407,031-232-0727,인계써드아이점,경기도 수원시 팔달구 인계로 130 (인계동) 1층,2023-11-16 16:36:09.037705
408,041-548-5024,아산우체국점,"충청남도 아산시 시민로 455 (온천동, 아산우체국) .",2023-11-16 16:36:09.037705
409,041-566-5148,천안두정역점,충청남도 천안시 서북구 두정로 238 (두정동) .,2023-11-16 16:36:09.037705
410,033-534-8902,동해묵호점,"강원도 동해시 해안로 368 (평릉동, 시드니) 1-3층",2023-11-16 16:36:09.440034
411,02-2028-7111,가산디지털단지점,"서울특별시 금천구 가산디지털1로 186 (가산동, 제이플라츠) 가산동 459-11",2023-11-16 16:36:09.440034
412,061-285-0365,목포평화점,전라남도 목포시 미항로 129 .,2023-11-16 16:36:09.440034
413,043-423-5401,(하)단양휴게소점,충청북도 단양군 적성면 기동리 산 74-1 (중앙고속도로 부산방향) 기동리 423-1,2023-11-16 16:36:09.440034
414,062-416-3647,광주조선대점,"광주광역시 동구 필문대로273번길 12, 1,2층(지산동) .",2023-11-16 16:36:09.440034
415,063-564-3357,전북고창점,전라북도 고창군 고창읍 중앙로 195 (읍내리) .,2023-11-16 16:36:09.440034
416,055-943-0992,(상)거창휴게소점,"경상남도 거창군 가조면 가조가야로 1523 (도리, 거창휴게소(상)) .",2023-11-16 16:36:09.441034
417,055-384-0144,(서)양산휴게소점,"경상남도 양산시 동면 목장길 15-50 (내송리, 양산휴게소) .",2023-11-16 16:36:09.441034
418,055-943-0992,(하)거창휴게소점,경상남도 거창군 가조면 가조가야로 1543-81 .,2023-11-16 16:36:09.441034
419,031-421-8097,평촌스마트스퀘어점,"경기도 안양시 동안구 시민대로 311, 110호/111호(관양동, 금강스마트빌딩) .",2023-11-16 16:36:09.441034
420,070-7761-0015,청주성모병원점,"충청북도 청주시 청원구 주성로 173-19, 청주성모병원 본관 주중동 589-5",2023-11-16 16:36:09.850319
421,031-655-0531,(하)안성휴게소점,경기도 안성시 원곡면 경부고속도로 365 안성휴게소(부산방향) .,2023-11-16 16:36:09.850319
422,042-528-2155,대전롯데점,"대전광역시 서구 용문로 41-80, 리베라 아이누리주상복합 101 .",2023-11-16 16:36:09.850319
423,031-826-0009,의정부시청점,"경기도 의정부시 시민로 57, 1층 동원빌딩",2023-11-16 16:36:09.850319
424,042-542-8080,대전관저점,"대전광역시 서구 관저중로64번길 26 1,2층 .",2023-11-16 16:36:09.850319
425,070-7766-4494,인천검단사거리점,인천 서구 검단로 465 .,2023-11-16 16:36:09.850319
426,063-221-3361,전주혁신도시점,전라북도 전주시 완산구 오공로 33 1~2층,2023-11-16 16:36:09.850319
427,041-574-0013,천안두정점,"충청남도 천안시 서북구 오성6길 52,세윤빌딩 1층  두정동 779",2023-11-16 16:36:09.850319
428,033-762-8129,(춘)치악휴게소점,강원도 원주시 신림면 다리실2길 32 0000,2023-11-16 16:36:09.851308
429,02-834-1000,대림역점,"서울특별시 영등포구 도림로 140 (대림동, 대림빌딩) .",2023-11-16 16:36:09.851308
430,031-651-1223,평택점,경기도 평택시 평택1로 11 .,2023-11-16 16:36:10.221579
431,043-534-8584,충북진천점,충청북도 진천군 진천읍 중앙북로 28 2층 .,2023-11-16 16:36:10.221579
432,032-567-1192,청라센터시아점,인천 서구 중봉대로 612번길 16 1층 연희동,2023-11-16 16:36:10.221579
433,031-998-7233,김포골드밸리점,"경기도 김포시 양촌읍 황금로109번길 27 1층, 동양프라자",2023-11-16 16:36:10.221579
434,02-584-9500,남부터미널점,"서울특별시 서초구 서초중앙로 52 (서초동, 영진빌딩) 서초동 1623-10",2023-11-16 16:36:10.221579
435,02-441-1121,고덕리앤파크점,"서울특별시 강동구 상일로 151 (고덕동) 고덕동 182, 1층",2023-11-16 16:36:10.221579
436,033-748-1188,원주중앙점,"강원도 원주시 중평길 4, 2~4층 .",2023-11-16 16:36:10.221579
437,063-275-3308,전주송천점,"전라북도 전주시 덕진구 송천로 1, 1-2블럭 2-112,113,136호 1층",2023-11-16 16:36:10.221579
438,063-291-8000,송천솔내점,"전라북도 전주시 덕진구 붓내3길 17 송천동 2가 244-10, 1층",2023-11-16 16:36:10.221579
439,02-538-8886,한티역점,"서울특별시 강남구 도곡로 414 (대치동, 삼성빌딩) .",2023-11-16 16:36:10.221579
440,033-652-2543,X-231025강릉항마리나점,강원도 강릉시 창해로14번길 51-20 .,2023-11-16 16:36:10.562730
441,062-434-0200,광주첨단점,광주광역시 광산구 첨단중앙로 136 1층,2023-11-16 16:36:10.562730
442,032-427-7935,간석역남부점,인천 남동구 석산로 11 .,2023-11-16 16:36:10.562730
443,02-363-1388,충정래미안점,"서울특별시 중구 중림로 21 (중림동, 더플레이스충정로) B204호",2023-11-16 16:36:10.562730
444,062-652-5505,광주풍암점,광주광역시 서구 풍금로38번길 11 .,2023-11-16 16:36:10.562730
445,02-827-0280,노량진역점,서울특별시 동작구 노량진로 157 (노량진동) 2층,2023-11-16 16:36:10.562730
446,043-266-2248,충북대점,충청북도 청주시 흥덕구 내수동로 53 1~2층 / 복대동 873-10,2023-11-16 16:36:10.562730
447,070-4162-5309,(하)군위휴게소점,경상북도 군위군 군위읍 경북대로 4082 춘천방향,2023-11-16 16:36:10.562730
448,02-488-5077,굽은다리역점,"서울특별시 강동구 양재대로 1591 , 1층 (천호동 31-2)",2023-11-16 16:36:10.562730
449,032-209-7979,송도IT점,"인천 연수구 송도과학로 32, 송도테크노파크IT센터 1층-A104호 .",2023-11-16 16:36:10.562730
450,054-554-1655,(하)문경휴게소점,경상북도 문경시 중부내륙고속도로 173 .,2023-11-16 16:36:10.976597
451,02-877-6070,서울대사거리점,"서울특별시 관악구 관악로 172, 2층 봉천동 857-4",2023-11-16 16:36:10.976597
452,02-2016-5400,도심공항점,"서울특별시 강남구 테헤란로87길 22 (삼성동, 한국도심공항터미널, 2층)   203호",2023-11-16 16:36:10.976597
453,02-720-6994,광화문LG점,"서울특별시 종로구 새문안로 58 (신문로2가, LG광화문빌딩) 1층, 지하1층",2023-11-16 16:36:10.976597
454,02-515-9915,청담점,서울특별시 강남구 학동로 517 (청담동) 1층,2023-11-16 16:36:10.976597
455,055-745-3303,진주교대점,경상남도 진주시 진양호로 348 .,2023-11-16 16:36:10.976597
456,02-588-4845,이수역점,"서울특별시 동작구 동작대로 83 (사당동, 헤라피스빌딩) B1~1층",2023-11-16 16:36:10.976597
457,02-581-4858,방배점,"서울특별시 서초구 남부순환로 2335 (방배동, 옥스포드빌딩) .",2023-11-16 16:36:10.976597
458,031-781-6254,분당서현점,"경기도 성남시 분당구 황새울로 315, 1층 104 (서현동, 대현빌딩) .",2023-11-16 16:36:10.976597
459,032-325-6766,부천중동점,"경기도 부천시 원미구 소향로 203, B동 109-110호  중동 1152-3 매트로펠리스 B동1층",2023-11-16 16:36:10.976597
460,02-3424-8484,테크노마트점,"서울특별시 광진구 광나루로56길 85 (구의동, 테크노-마트21) 9층,14호",2023-11-16 16:36:11.282810
461,031-392-5999,산본점,"경기도 군포시 번영로 505 1층 (산본동, 대우디오플러스)  ",2023-11-16 16:36:11.282810
462,062-223-0688,광주충장로점,광주광역시 동구 충장로안길 43 충장로1가 23,2023-11-16 16:36:11.282810
463,02-3431-1120,교통회관점,"서울특별시 송파구 올림픽로 319 (신천동, 새마을 교통회관) 1층",2023-11-16 16:36:11.282810
464,02-501-4142,역삼스타점,"서울특별시 강남구 테헤란로26길 12, 1층 (역삼동 736-56) 할리스",2023-11-16 16:36:11.282810
465,051-611-3021,부산경성대2호점,"부산광역시 남구 수영로 306, 3층 (대연동 72-1) 할리스",2023-11-16 16:36:11.282810
466,02-2064-0312,김포공항점,서울특별시 강서구 하늘길 112 김포공항 국내선청사 1층,2023-11-16 16:36:11.282810
467,02-761-7231,여의도하나투자점,서울특별시 영등포구  의사당대로 82 1층 할리스,2023-11-16 16:36:11.282810
468,051-701-5591,부산송정DI점,부산광역시 해운대구 송정광어골로 77 (송정동 443-5) 할리스,2023-11-16 16:36:11.282810
469,02-444-0542,광나루역점,"서울특별시 광진구 천호대로 808, 광장현대홈타운 제1202동 상가 1층 (광장동 580) 할리스",2023-11-16 16:36:11.282810
470,042-824-4931,대전도안DT점,"대전광역시 유성구 도안동로 488,1-3층 할리스",2023-11-16 16:36:11.588352
471,02-511-1473,세로수길점,서울특별시 강남구 강남대로152길 41 (신사동 536-6) 할리스,2023-11-16 16:36:11.588352
472,02-2062-1063,목동점,"서울특별시 양천구 목동서로 159-1 CBS 1,2층 CBS 1,2층 할리스",2023-11-16 16:36:11.588352
473,062-385-5122,광주아울렛점,광주광역시 서구  상무대로 633,2023-11-16 16:36:11.588352
474,052-256-0566,울산디자인거리점,울산광역시 남구 돋질로302번길 38 (삼산동 1575-22) 할리스,2023-11-16 16:36:11.588352
475,031-701-0680,분당율동공원점,경기도 성남시 분당구 문정로 140 (율동) 할리스,2023-11-16 16:36:11.588352
476,02-2631-3446,당산역점,서울특별시 영등포구 당산로 219 ,2023-11-16 16:36:11.588352
477,031-221-7895,수원권선행복점,경기도 수원시 권선구  권광로 119 (권선동) 1층 할리스,2023-11-16 16:36:11.588352
478,051-552-2990,부산동래역점,"부산광역시 동래구 삼성대길 34-25, 1~3층 (명륜동 502-4) 할리스",2023-11-16 16:36:11.588352
479,02-388-3977,연신내점,"서울특별시 은평구 연서로 212, (대조동 199-28) 할리스",2023-11-16 16:36:11.588352
480,02-2144-0888,잠실광고회관점,"서울특별시 송파구 올림픽로35길 137, 한국방송문화회관 1층 (신천동 7-11) 할리스",2023-11-16 16:36:11.900264
481,055-261-5955,창원상남점,경상남도 창원시 성산구 마디미로31번길 3 (상남동 상남동 18-9) 할리스,2023-11-16 16:36:11.900264
482,02-422-4915,배명사거리점,"서울특별시 송파구 백제고분로 275, 1층 (석촌동 14-7) 할리스",2023-11-16 16:36:11.900264
483,02-877-7186,서울대예술문화점,서울특별시 관악구 관악로 1 서울대예술복합계연구동 1층,2023-11-16 16:36:11.900264
484,02-935-8231,노원문화의거리점,서울특별시 노원구 노해로81길 22-26 할리스,2023-11-16 16:36:11.900264
485,051-746-1463,부산해운대점,"부산광역시 해운대구 해운대해변로 277, 다옴빌딩 1~2층 (중1동 1412-7) 할리스",2023-11-16 16:36:11.900264
486,02-6204-3311,도곡점,"서울특별시 강남구 논현로28길 54, 덕원빌딩 1층 (도곡동 422-2) 할리스",2023-11-16 16:36:11.900264
487,02-747-0348,대명거리점,서울특별시 종로구 대명길 6 2~4층 할리스,2023-11-16 16:36:11.900264
488,051-611-6893,부산경성대점,"부산광역시 남구 용소로 7, 청라빌딩 2~3층 (대연동 56-8) 할리스",2023-11-16 16:36:11.900264
489,032-831-0337,인천한옥마을점,"인천광역시 연수구 테크노파크로 180, 다동 지상1층(송도동) ",2023-11-16 16:36:11.900264
490,02-555-0890,강남역점,"서울특별시 강남구 강남대로 402, 시계탑빌딩 B1~1층 (역삼동 820-11)  할리스",2023-11-16 16:36:12.206092
491,042-489-7990,대전둔산청솔점,대전광역시 서구 둔산로 223 제상가 2동 할리스,2023-11-16 16:36:12.206092
492,031-302-2601,수원권선점,경기도 수원시 권선구  권선로 667 (권선동) 1층 할리스,2023-11-16 16:36:12.206092
493,02-6362-7990,용산더프라임점,서울특별시 용산구 원효로90길 11 더프라임타워 업무동 1층,2023-11-16 16:36:12.206092
494,055-251-5698,마산터미널점,"경상남도 창원시 마산회원구 합성옛길 159, 마산시외버스터미널 1층(합성동 267) 할리스",2023-11-16 16:36:12.206092
495,02-720-5582,세종로점,"서울특별시 종로구 세종대로 161, 2~3층 (세종로 200) 할리스",2023-11-16 16:36:12.206092
496,070-4706-0293,광장점,"서울특별시 광진구 광나루로620, 이진빌딩 1층 (구의동 199-2) 할리스",2023-11-16 16:36:12.206092
497,031-257-3313,수원역점,경기도 수원시 팔달구 향교로 6 (매산로1가),2023-11-16 16:36:12.206092
498,070-4733-4828,종로코리안리빌딩점,서울특별시 종로구 종로5길 68 코리안리빌딩 1층 할리스,2023-11-16 16:36:12.206092
499,031-725-1004,성남터미널점,"경기도 성남시 분당구  성남대로925번길 16 (야탑동, 분당종합터미널) 1층 할리스 ",2023-11-16 16:36:12.206092
500,02-6204-1234,합정역점,서울특별시 마포구 양화로 36 (합정동 374-1) 할리스,2023-11-16 16:36:12.511238
501,051-731-3410,부산달맞이점,"부산광역시 해운대구 달맞이길 199, 2~3층 (중동 1488-14) 할리스",2023-11-16 16:36:12.511238
502,02-877-0019,신림점,서울특별시 관악구 신림로 353-1,2023-11-16 16:36:12.511238
503,02-755-7795,태평로점,"서울특별시 중구 세종대로 64, 해남빌딩 1층 (태평로2가 70-5) 할리스",2023-11-16 16:36:12.511238
504,02-393-2004,신촌점,서울특별시 서대문구 연세로 34 (창천동 31-12)  할리스,2023-11-16 16:36:12.511238
